note_id,machine_id,machine_type,timestamp,category,failure_type_hint,urgency,description
N0001,M-03,M,2026-02-28 01:00,mechanical,OSF,high,Torque spiked to 59 Nm during load-bearing pass. Reduced feed rate as precaution per SOP section 5.
N0002,L-02,L,2026-03-03 20:00,software,,medium,"[morning shift, OY] PLC logged a non-critical startup warning, no action required yet. Will revisit during next scheduled PM."
N0003,H-03,H,2026-03-20 13:00,mechanical,,medium,"[morning shift, TF] Routine lubrication performed ahead of schedule, no issues noted. Consistent with prior shift notes."
N0004,L-03,L,2026-06-02 18:00,safety,RNF,high,"Unexplained fault, all readings nominal prior to stop, treating as stochastic occurrence."
N0005,M-01,M,2026-06-28 17:00,electrical,PWF,high,"Breaker tripped once this shift, reset and monitoring. Suspect loose connection near junction box."
N0006,M-04,M,2026-03-08 02:00,electrical,HDF,medium,Cooling fan noticeably underperforming compared to baseline. Will recheck next cycle before flagging further.
N0007,H-03,H,2026-01-23 03:00,electrical,,low,"Ran diagnostic on drive controller as precaution, no anomalies found. Flagging for supervisor awareness only."
N0008,H-02,H,2026-06-25 02:00,software,,medium,"Data logger missed a few readings due to network hiccup, backfilled from buffer. Will revisit during next scheduled PM."
N0009,H-02,H,2026-05-01 02:00,safety,,low,"Operator reported faint odor near motor housing, paused for inspection, cleared."
N0010,L-02,L,2026-06-28 14:00,electrical,HDF,medium,"Process/air temperature delta measured at only 3.7C, below expected dissipation range. Checked airflow path, minor dust buildup cleared."
N0011,M-02,M,2026-01-20 06:00,software,,high,"PLC logged a non-critical startup warning, no action required yet. Consistent with prior shift notes."
N0012,M-02,M,2026-04-29 12:00,mechanical,,medium,"Small coolant weep near spindle seal, scheduled for replacement, not urgent. Consistent with prior shift notes."
N0013,H-02,H,2026-04-12 07:00,electrical,PWF,high,"Breaker tripped once this shift, reset and monitoring. No repeat occurrence yet, logging for pattern tracking."
N0014,L-03,L,2026-03-18 00:00,mechanical,TWF,medium,Tool wear reading at 79% of rated life on the cutting edge. Operator flagged rough finish and slight burring on edges. Recommend insert swap before next shift.
N0015,L-03,L,2026-05-16 19:00,software,,low,"Firmware update applied during scheduled downtime, verifying stability."
N0016,L-01,L,2026-01-20 06:00,software,,low,"Calibration offset flagged as stale by control software, recalibration recommended. Consistent with prior shift notes."
N0017,L-02,L,2026-06-11 00:00,electrical,HDF,medium,"[night shift, MJ] Cooling fan noticeably underperforming compared to baseline. Checked airflow path, minor dust buildup cleared."
N0018,L-02,L,2026-05-06 03:00,electrical,,low,"Ran diagnostic on drive controller as precaution, no anomalies found. Will revisit during next scheduled PM."
N0019,L-02,L,2026-04-02 23:00,software,,medium,"Calibration offset flagged as stale by control software, recalibration recommended. Consistent with prior shift notes."
N0020,M-02,M,2026-01-11 16:00,software,,medium,"[morning shift, SP] Firmware update applied during scheduled downtime, verifying stability. No further action needed at this time."
N0021,M-02,M,2026-03-03 17:00,mechanical,,low,"Belt tension slightly loose, adjusted on the spot, no downtime."
N0022,H-02,H,2026-08-02 12:00,safety,,low,"Guard interlock triggered unexpectedly, sensor alignment corrected."
N0023,M-01,M,2026-05-05 08:00,electrical,,low,"Ran diagnostic on drive controller as precaution, no anomalies found. Flagging for supervisor awareness only."
N0024,M-01,M,2026-01-31 07:00,safety,,medium,"Light curtain misaligned after cleaning crew, realigned and retested before restart."
N0025,H-01,H,2026-06-18 02:00,electrical,HDF,medium,"Heat sink discoloration observed near control cabinet. Checked airflow path, minor dust buildup cleared."
N0026,L-02,L,2026-07-29 23:00,software,,medium,"Calibration offset flagged as stale by control software, recalibration recommended. Will revisit during next scheduled PM."
N0027,M-04,M,2026-05-04 20:00,software,,low,"[morning shift, MJ] PLC logged a non-critical startup warning, no action required yet."
N0028,L-03,L,2026-07-28 23:00,safety,,medium,"Operator reported faint odor near motor housing, paused for inspection, cleared. Will revisit during next scheduled PM."
N0029,L-02,L,2026-02-28 00:00,safety,RNF,high,"Sudden stop, no sensor trend anomaly beforehand, ruled out TWF/HDF/PWF/OSF causes on inspection."
N0030,M-02,M,2026-01-20 23:00,electrical,HDF,medium,Heat sink discoloration observed near control cabinet. Will recheck next cycle before flagging further.
N0031,M-03,M,2026-04-27 05:00,software,,medium,"Firmware update applied during scheduled downtime, verifying stability. Will revisit during next scheduled PM."
N0032,H-03,H,2026-05-20 17:00,mechanical,TWF,medium,Tool wear reading at 74% of rated life on the cutting edge. Recommend insert swap before next shift.
N0033,H-01,H,2026-01-12 02:00,mechanical,,medium,"[morning shift, RK] Minor vibration on bearing housing during startup, will monitor next cycle. Will revisit during next scheduled PM."
N0034,H-01,H,2026-05-07 16:00,electrical,,medium,Re-terminated a loose sensor wire found during PM check.
N0035,M-01,M,2026-04-15 14:00,safety,,low,"Near-miss reported: loose panel cover, secured immediately, no injury. Will revisit during next scheduled PM."
N0036,M-03,M,2026-06-18 21:00,mechanical,,low,"[morning shift, NB] Small coolant weep near spindle seal, scheduled for replacement, not urgent. Consistent with prior shift notes."
N0037,M-03,M,2026-05-09 05:00,mechanical,OSF,high,"Drive shaft strain noted at 62 Nm, above normal band. Paused run to inspect spindle alignment."
N0038,M-01,M,2026-03-27 02:00,mechanical,,low,"Unusual but faint clicking from gearbox, inspected, no fault found."
N0039,M-03,M,2026-06-13 09:00,mechanical,OSF,high,"Drive shaft strain noted at 75 Nm, above normal band."
N0040,H-02,H,2026-02-07 13:00,mechanical,TWF,medium,"Tool wear reading at 71% of rated life on the cutting edge. Surface finish degrading, visible chatter marks on last batch. Holding production, replacing tool now."
N0041,M-02,M,2026-03-17 01:00,software,,medium,"Firmware update applied during scheduled downtime, verifying stability."
N0042,L-03,L,2026-03-02 02:00,software,,medium,"Data logger missed a few readings due to network hiccup, backfilled from buffer. No further action needed at this time."
N0043,M-02,M,2026-01-16 16:00,mechanical,OSF,high,"Drive shaft strain noted at 58 Nm, above normal band."
N0044,M-01,M,2026-07-18 06:00,mechanical,TWF,medium,Tool wear reading at 68% of rated life on the insert. Operator flagged rough finish and slight burring on edges. Scheduled tool change during next planned stop.
N0045,M-02,M,2026-01-09 23:00,software,,medium,"Data logger missed a few readings due to network hiccup, backfilled from buffer. Flagging for supervisor awareness only."
N0046,H-02,H,2026-08-02 20:00,safety,RNF,high,"Unexplained fault, all readings nominal prior to stop, treating as stochastic occurrence."
N0047,M-04,M,2026-07-04 23:00,software,,low,"Firmware update applied during scheduled downtime, verifying stability. Flagging for supervisor awareness only."
N0048,L-03,L,2026-06-24 12:00,software,,medium,"[afternoon shift, NB] PLC logged a non-critical startup warning, no action required yet. Will revisit during next scheduled PM."
N0049,H-02,H,2026-03-14 14:00,electrical,,low,Re-terminated a loose sensor wire found during PM check.
N0050,L-01,L,2026-03-31 12:00,electrical,HDF,medium,"[morning shift, NB] Heat sink discoloration observed near control cabinet. Will recheck next cycle before flagging further."
N0051,L-02,L,2026-02-10 12:00,software,,low,"[morning shift, RK] Firmware update applied during scheduled downtime, verifying stability."
N0052,H-03,H,2026-05-20 04:00,mechanical,OSF,high,"Drive shaft strain noted at 58 Nm, above normal band. No visible damage yet but monitoring closely."
N0053,H-03,H,2026-01-16 22:00,software,,medium,"Calibration offset flagged as stale by control software, recalibration recommended. Will revisit during next scheduled PM."
N0054,H-02,H,2026-06-03 22:00,software,,low,"Firmware update applied during scheduled downtime, verifying stability."
N0055,M-01,M,2026-06-14 00:00,mechanical,TWF,medium,Tool wear reading at 73% of rated life on the tool tip. Chipping visible on insert under inspection light. Recommend insert swap before next shift.
N0056,H-02,H,2026-01-28 21:00,electrical,HDF,medium,"Cooling fan noticeably underperforming compared to baseline. Checked airflow path, minor dust buildup cleared."
N0057,H-02,H,2026-07-17 06:00,mechanical,,low,"Unusual but faint clicking from gearbox, inspected, no fault found. Flagging for supervisor awareness only."
N0058,M-01,M,2026-01-16 19:00,software,,medium,"Calibration offset flagged as stale by control software, recalibration recommended. No further action needed at this time."
N0059,M-01,M,2026-06-13 18:00,mechanical,,medium,"Small coolant weep near spindle seal, scheduled for replacement, not urgent. Flagging for supervisor awareness only."
N0060,L-03,L,2026-06-26 15:00,mechanical,OSF,high,"Drive shaft strain noted at 59 Nm, above normal band. No visible damage yet but monitoring closely."
N0061,M-02,M,2026-05-25 06:00,safety,,low,"Light curtain misaligned after cleaning crew, realigned and retested before restart. Consistent with prior shift notes."
N0062,M-02,M,2026-02-27 02:00,mechanical,OSF,high,"[afternoon shift, HL] Drive shaft strain noted at 58 Nm, above normal band."
N0063,H-03,H,2026-05-12 15:00,mechanical,TWF,medium,"Tool wear reading at 88% of rated life on the insert. Operator flagged rough finish and slight burring on edges. Holding production, replacing tool now."
N0064,M-04,M,2026-04-11 10:00,mechanical,TWF,medium,"Tool wear reading at 96% of rated life on the tool tip. Logged for tracking, still within tolerance for now."
N0065,L-02,L,2026-03-20 08:00,electrical,PWF,high,"[night shift, TF] Power draw dropped unexpectedly mid-cycle, motor controller flagged."
N0066,M-03,M,2026-01-17 08:00,mechanical,OSF,high,Machine stalled briefly under combined high-torque/low-speed condition. Reduced feed rate as precaution per SOP section 5.
N0067,L-02,L,2026-04-26 16:00,mechanical,,low,"Belt tension slightly loose, adjusted on the spot, no downtime."
N0068,M-03,M,2026-05-26 17:00,electrical,HDF,medium,"Cooling fan noticeably underperforming compared to baseline. Checked airflow path, minor dust buildup cleared."
N0069,M-01,M,2026-05-05 13:00,mechanical,TWF,medium,"Tool wear reading at 93% of rated life on the tool holder. Operator flagged rough finish and slight burring on edges. Holding production, replacing tool now."
N0070,M-03,M,2026-05-27 21:00,electrical,HDF,medium,Heat sink discoloration observed near control cabinet. Will recheck next cycle before flagging further.
N0071,M-04,M,2026-07-18 14:00,mechanical,TWF,medium,"Tool wear reading at 69% of rated life on the cutting edge. Operator flagged rough finish and slight burring on edges. Logged for tracking, still within tolerance for now."
N0072,M-04,M,2026-04-09 08:00,mechanical,,low,"[night shift, SP] Small coolant weep near spindle seal, scheduled for replacement, not urgent. Will revisit during next scheduled PM."
N0073,H-03,H,2026-03-15 10:00,electrical,PWF,high,"Power draw dropped unexpectedly mid-cycle, motor controller flagged."
N0074,L-01,L,2026-04-13 12:00,software,,low,"[morning shift, TF] Firmware update applied during scheduled downtime, verifying stability. Flagging for supervisor awareness only."
N0075,H-01,H,2026-04-15 16:00,software,,medium,"[night shift, HL] PLC logged a non-critical startup warning, no action required yet. Will revisit during next scheduled PM."
N0076,H-01,H,2026-07-19 14:00,software,,medium,"[night shift, AS] PLC logged a non-critical startup warning, no action required yet. Will revisit during next scheduled PM."
N0077,L-02,L,2026-01-14 20:00,safety,RNF,high,"Machine halted with no abnormal precursor across any monitored channel, logged as unclassified."
N0078,M-02,M,2026-01-30 02:00,mechanical,,medium,"Belt tension slightly loose, adjusted on the spot, no downtime."
N0079,M-02,M,2026-05-22 09:00,safety,RNF,high,"Sudden stop, no sensor trend anomaly beforehand, ruled out TWF/HDF/PWF/OSF causes on inspection."
N0080,H-01,H,2026-04-20 22:00,electrical,HDF,medium,"Process/air temperature delta measured at only 3.5C, below expected dissipation range."
N0081,M-02,M,2026-04-09 07:00,mechanical,TWF,medium,Tool wear reading at 96% of rated life on the cutting edge. Recommend insert swap before next shift.
N0082,H-01,H,2026-01-06 09:00,mechanical,,medium,"Belt tension slightly loose, adjusted on the spot, no downtime."
N0083,H-02,H,2026-06-13 15:00,mechanical,TWF,high,"[afternoon shift, TF] Tool wear reading at 77% of rated life on the tool holder. Chipping visible on insert under inspection light. Scheduled tool change during next planned stop."
N0084,H-03,H,2026-06-06 04:00,mechanical,TWF,medium,"Tool wear reading at 91% of rated life on the tool holder. Surface finish degrading, visible chatter marks on last batch. Scheduled tool change during next planned stop."
N0085,M-04,M,2026-07-11 03:00,mechanical,,medium,"Minor vibration on bearing housing during startup, will monitor next cycle. Will revisit during next scheduled PM."
N0086,L-02,L,2026-02-01 00:00,mechanical,OSF,high,"[afternoon shift, OY] Torque spiked to 64 Nm during load-bearing pass."
N0087,L-02,L,2026-07-20 09:00,electrical,PWF,high,"Power draw dropped unexpectedly mid-cycle, motor controller flagged. Suspect loose connection near junction box."
N0088,M-04,M,2026-04-20 07:00,mechanical,TWF,high,"[night shift, SP] Tool wear reading at 77% of rated life on the tool holder. Chipping visible on insert under inspection light. Logged for tracking, still within tolerance for now."
N0089,M-04,M,2026-07-15 02:00,mechanical,OSF,high,"Drive shaft strain noted at 59 Nm, above normal band. Reduced feed rate as precaution per SOP section 5."
N0090,H-03,H,2026-03-16 09:00,electrical,HDF,medium,"Heat sink discoloration observed near control cabinet. Checked airflow path, minor dust buildup cleared."
N0091,L-01,L,2026-05-04 12:00,safety,RNF,high,"Machine halted with no abnormal precursor across any monitored channel, logged as unclassified."
N0092,M-02,M,2026-03-29 10:00,software,,low,"[night shift, NB] HMI froze briefly during shift changeover, restarted normally. Consistent with prior shift notes."
N0093,H-01,H,2026-01-13 15:00,electrical,,medium,"[morning shift, MJ] Control panel indicator flickering intermittently, no fault code raised."
N0094,H-02,H,2026-01-26 06:00,safety,,low,"Guard interlock triggered unexpectedly, sensor alignment corrected. Consistent with prior shift notes."
N0095,L-02,L,2026-03-06 23:00,software,,medium,"[afternoon shift, OY] Calibration offset flagged as stale by control software, recalibration recommended. Will revisit during next scheduled PM."
N0096,H-02,H,2026-04-27 07:00,mechanical,OSF,high,"Drive shaft strain noted at 67 Nm, above normal band. No visible damage yet but monitoring closely."
N0097,L-03,L,2026-03-08 16:00,electrical,PWF,high,"Power draw dropped unexpectedly mid-cycle, motor controller flagged. Requesting electrical diagnostic before next shift."
N0098,H-02,H,2026-05-06 07:00,electrical,,medium,"Control panel indicator flickering intermittently, no fault code raised."
N0099,H-01,H,2026-02-19 14:00,electrical,PWF,high,"[morning shift, TF] Voltage reading fluctuated near 216V during operation, outside normal band. Suspect loose connection near junction box."
N0100,H-03,H,2026-03-01 01:00,electrical,,medium,"Control panel indicator flickering intermittently, no fault code raised. No further action needed at this time."
N0101,M-03,M,2026-04-10 05:00,electrical,PWF,high,"[morning shift, TF] Voltage reading fluctuated near 200V during operation, outside normal band. No repeat occurrence yet, logging for pattern tracking."
N0102,H-03,H,2026-07-27 12:00,electrical,PWF,high,"Voltage reading fluctuated near 211V during operation, outside normal band."
N0103,H-02,H,2026-04-19 09:00,mechanical,,low,"Routine lubrication performed ahead of schedule, no issues noted. No further action needed at this time."
N0104,M-02,M,2026-01-09 11:00,software,,low,"Data logger missed a few readings due to network hiccup, backfilled from buffer."
N0105,M-01,M,2026-08-03 02:00,software,,low,"HMI froze briefly during shift changeover, restarted normally. No further action needed at this time."
N0106,M-04,M,2026-04-16 02:00,safety,,low,"[night shift, RK] Light curtain misaligned after cleaning crew, realigned and retested before restart. Will revisit during next scheduled PM."
N0107,H-03,H,2026-01-22 03:00,safety,,medium,"[morning shift, NB] Near-miss reported: loose panel cover, secured immediately, no injury. Will revisit during next scheduled PM."
N0108,M-04,M,2026-05-08 10:00,software,,low,"Data logger missed a few readings due to network hiccup, backfilled from buffer. Will revisit during next scheduled PM."
N0109,L-01,L,2026-03-02 19:00,safety,,low,"Weekly E-stop test completed, button responded within spec."
N0110,M-04,M,2026-02-14 12:00,safety,RNF,high,"[morning shift, TF] Sudden stop, no sensor trend anomaly beforehand, ruled out TWF/HDF/PWF/OSF causes on inspection."
N0111,M-03,M,2026-06-07 14:00,mechanical,TWF,high,"Tool wear reading at 77% of rated life on the cutting edge. Surface finish degrading, visible chatter marks on last batch. Recommend insert swap before next shift."
N0112,H-02,H,2026-04-09 14:00,electrical,,low,"Ran diagnostic on drive controller as precaution, no anomalies found. Flagging for supervisor awareness only."
N0113,H-02,H,2026-04-29 19:00,software,,low,"PLC logged a non-critical startup warning, no action required yet. No further action needed at this time."
N0114,H-01,H,2026-05-14 16:00,mechanical,OSF,high,"[afternoon shift, OY] Torque spiked to 70 Nm during load-bearing pass. Reduced feed rate as precaution per SOP section 5."
N0115,L-01,L,2026-05-15 02:00,mechanical,,low,"Small coolant weep near spindle seal, scheduled for replacement, not urgent. No further action needed at this time."
N0116,L-01,L,2026-08-01 03:00,safety,,medium,"Guard interlock triggered unexpectedly, sensor alignment corrected. No further action needed at this time."
N0117,M-01,M,2026-06-11 08:00,mechanical,OSF,high,"[night shift, SP] Torque spiked to 67 Nm during load-bearing pass. Paused run to inspect spindle alignment."
N0118,H-01,H,2026-03-27 11:00,mechanical,OSF,high,"Drive shaft strain noted at 74 Nm, above normal band. Paused run to inspect spindle alignment."
N0119,L-01,L,2026-07-24 08:00,electrical,PWF,high,"Voltage reading fluctuated near 223V during operation, outside normal band. No repeat occurrence yet, logging for pattern tracking."
N0120,L-02,L,2026-06-02 22:00,safety,RNF,high,"Unexplained fault, all readings nominal prior to stop, treating as stochastic occurrence."
N0121,L-02,L,2026-04-09 18:00,electrical,,low,"Ran diagnostic on drive controller as precaution, no anomalies found."
N0122,L-03,L,2026-06-17 18:00,electrical,HDF,medium,"[afternoon shift, RK] Cooling fan noticeably underperforming compared to baseline. Coolant flow rate looks nominal, escalating to electrical team."
N0123,M-03,M,2026-01-17 04:00,mechanical,,medium,"[afternoon shift, OY] Minor vibration on bearing housing during startup, will monitor next cycle. Will revisit during next scheduled PM."
N0124,H-01,H,2026-05-21 07:00,electrical,,low,"[afternoon shift, SP] Control panel indicator flickering intermittently, no fault code raised. No further action needed at this time."
N0125,M-04,M,2026-07-29 07:00,safety,,medium,"[morning shift, HL] Near-miss reported: loose panel cover, secured immediately, no injury. Will revisit during next scheduled PM."
N0126,L-03,L,2026-01-19 20:00,software,,low,"[afternoon shift, NB] PLC logged a non-critical startup warning, no action required yet."
N0127,H-02,H,2026-02-16 00:00,electrical,,medium,"Ran diagnostic on drive controller as precaution, no anomalies found."
N0128,L-01,L,2026-05-26 21:00,mechanical,,medium,"[morning shift, MJ] Minor vibration on bearing housing during startup, will monitor next cycle. Consistent with prior shift notes."
N0129,M-01,M,2026-01-21 09:00,mechanical,OSF,high,Machine stalled briefly under combined high-torque/low-speed condition.
N0130,L-01,L,2026-06-21 14:00,software,,medium,"Calibration offset flagged as stale by control software, recalibration recommended. Consistent with prior shift notes."
N0131,L-03,L,2026-05-26 21:00,electrical,PWF,high,"[night shift, NB] Voltage reading fluctuated near 214V during operation, outside normal band. Suspect loose connection near junction box."
N0132,M-04,M,2026-05-14 00:00,safety,,medium,"Operator reported faint odor near motor housing, paused for inspection, cleared."
N0133,L-03,L,2026-04-14 10:00,electrical,PWF,high,"Voltage reading fluctuated near 245V during operation, outside normal band. Requesting electrical diagnostic before next shift."
N0134,H-03,H,2026-01-11 13:00,electrical,HDF,medium,Heat sink discoloration observed near control cabinet.
N0135,M-01,M,2026-02-17 04:00,safety,,low,"Guard interlock triggered unexpectedly, sensor alignment corrected. Consistent with prior shift notes."
N0136,L-01,L,2026-07-01 20:00,mechanical,TWF,high,Tool wear reading at 75% of rated life on the tool tip. Chipping visible on insert under inspection light. Scheduled tool change during next planned stop.
N0137,L-01,L,2026-08-02 17:00,mechanical,,low,"Minor vibration on bearing housing during startup, will monitor next cycle. No further action needed at this time."
N0138,L-02,L,2026-07-16 20:00,software,,high,"[morning shift, RK] HMI froze briefly during shift changeover, restarted normally. Will revisit during next scheduled PM."
N0139,M-02,M,2026-03-27 10:00,software,,medium,"HMI froze briefly during shift changeover, restarted normally. No further action needed at this time."
N0140,M-04,M,2026-03-19 19:00,electrical,PWF,high,"[afternoon shift, SP] Power draw dropped unexpectedly mid-cycle, motor controller flagged. No repeat occurrence yet, logging for pattern tracking."
N0141,L-01,L,2026-01-17 17:00,software,,low,"Calibration offset flagged as stale by control software, recalibration recommended."
N0142,H-03,H,2026-05-19 06:00,electrical,,low,"Control panel indicator flickering intermittently, no fault code raised."
N0143,M-02,M,2026-06-05 11:00,mechanical,TWF,medium,"Tool wear reading at 96% of rated life on the insert. Surface finish degrading, visible chatter marks on last batch. Logged for tracking, still within tolerance for now."
N0144,H-02,H,2026-02-16 03:00,electrical,,medium,Re-terminated a loose sensor wire found during PM check. Flagging for supervisor awareness only.
N0145,L-02,L,2026-06-19 00:00,software,,low,"[night shift, OY] Data logger missed a few readings due to network hiccup, backfilled from buffer. Flagging for supervisor awareness only."
N0146,M-03,M,2026-05-02 04:00,electrical,HDF,medium,"Heat sink discoloration observed near control cabinet. Coolant flow rate looks nominal, escalating to electrical team."
N0147,H-02,H,2026-04-30 21:00,safety,RNF,high,"Sudden stop, no sensor trend anomaly beforehand, ruled out TWF/HDF/PWF/OSF causes on inspection."
N0148,H-02,H,2026-06-18 22:00,electrical,PWF,high,"Power draw dropped unexpectedly mid-cycle, motor controller flagged. No repeat occurrence yet, logging for pattern tracking."
N0149,M-01,M,2026-06-12 04:00,safety,RNF,high,"Sudden stop, no sensor trend anomaly beforehand, ruled out TWF/HDF/PWF/OSF causes on inspection."
N0150,L-03,L,2026-02-22 08:00,electrical,,low,"Replaced a blown control-panel fuse, machine back online same shift."
N0151,L-02,L,2026-07-11 09:00,mechanical,,low,"Minor vibration on bearing housing during startup, will monitor next cycle. Will revisit during next scheduled PM."
N0152,M-04,M,2026-01-08 12:00,electrical,PWF,high,"Breaker tripped once this shift, reset and monitoring. Suspect loose connection near junction box."
N0153,M-04,M,2026-07-13 07:00,electrical,,medium,"[night shift, NB] Replaced a blown control-panel fuse, machine back online same shift. Consistent with prior shift notes."
N0154,M-04,M,2026-03-04 21:00,safety,,medium,"Guard interlock triggered unexpectedly, sensor alignment corrected."
N0155,L-03,L,2026-03-08 12:00,mechanical,OSF,high,"Drive shaft strain noted at 71 Nm, above normal band. No visible damage yet but monitoring closely."
N0156,L-03,L,2026-02-20 20:00,electrical,HDF,medium,"Process/air temperature delta measured at only 2.9C, below expected dissipation range."
N0157,M-03,M,2026-07-24 06:00,mechanical,OSF,high,Torque spiked to 73 Nm during load-bearing pass. Reduced feed rate as precaution per SOP section 5.
N0158,H-02,H,2026-07-26 11:00,electrical,PWF,high,"Power draw dropped unexpectedly mid-cycle, motor controller flagged. Requesting electrical diagnostic before next shift."
N0159,H-02,H,2026-07-19 03:00,electrical,HDF,medium,"Cooling fan noticeably underperforming compared to baseline. Coolant flow rate looks nominal, escalating to electrical team."
N0160,H-03,H,2026-01-24 13:00,electrical,,medium,"Control panel indicator flickering intermittently, no fault code raised. Flagging for supervisor awareness only."
N0161,M-04,M,2026-04-15 14:00,electrical,,low,"[night shift, OY] Replaced a blown control-panel fuse, machine back online same shift. No further action needed at this time."
N0162,M-01,M,2026-06-17 13:00,mechanical,TWF,medium,Tool wear reading at 77% of rated life on the tool tip. Scheduled tool change during next planned stop.
N0163,H-01,H,2026-04-11 21:00,electrical,,low,Re-terminated a loose sensor wire found during PM check. Consistent with prior shift notes.
N0164,M-02,M,2026-06-21 09:00,software,,low,"Calibration offset flagged as stale by control software, recalibration recommended. No further action needed at this time."
N0165,M-03,M,2026-02-13 09:00,software,,medium,"Calibration offset flagged as stale by control software, recalibration recommended."
N0166,M-04,M,2026-06-21 09:00,mechanical,TWF,medium,Tool wear reading at 73% of rated life on the insert. Chipping visible on insert under inspection light. Recommend insert swap before next shift.
N0167,M-02,M,2026-02-13 06:00,safety,RNF,high,"[morning shift, TF] Unexplained fault, all readings nominal prior to stop, treating as stochastic occurrence."
N0168,M-04,M,2026-01-28 21:00,safety,RNF,high,"Unexplained fault, all readings nominal prior to stop, treating as stochastic occurrence."
N0169,H-02,H,2026-06-25 03:00,electrical,PWF,high,"Breaker tripped once this shift, reset and monitoring. Requesting electrical diagnostic before next shift."
N0170,H-02,H,2026-05-04 04:00,mechanical,OSF,high,Torque spiked to 71 Nm during load-bearing pass. Paused run to inspect spindle alignment.
N0171,H-01,H,2026-06-24 09:00,electrical,HDF,medium,"[afternoon shift, SP] Heat sink discoloration observed near control cabinet. Checked airflow path, minor dust buildup cleared."
N0172,H-01,H,2026-06-10 01:00,electrical,HDF,high,"[night shift, SP] Heat sink discoloration observed near control cabinet. Checked airflow path, minor dust buildup cleared."
N0173,M-03,M,2026-07-07 13:00,mechanical,,medium,"Unusual but faint clicking from gearbox, inspected, no fault found. Consistent with prior shift notes."
N0174,L-03,L,2026-02-27 09:00,electrical,PWF,high,"Power draw dropped unexpectedly mid-cycle, motor controller flagged. No repeat occurrence yet, logging for pattern tracking."
N0175,M-04,M,2026-05-13 08:00,electrical,HDF,medium,"Process/air temperature delta measured at only 2.0C, below expected dissipation range. Will recheck next cycle before flagging further."
N0176,H-02,H,2026-02-06 18:00,electrical,PWF,high,"Power draw dropped unexpectedly mid-cycle, motor controller flagged. Suspect loose connection near junction box."
N0177,L-02,L,2026-02-22 15:00,mechanical,OSF,high,"Drive shaft strain noted at 75 Nm, above normal band. Reduced feed rate as precaution per SOP section 5."
N0178,H-03,H,2026-07-02 22:00,mechanical,,low,"Routine lubrication performed ahead of schedule, no issues noted."
N0179,H-03,H,2026-01-30 20:00,mechanical,TWF,medium,Tool wear reading at 94% of rated life on the tool tip. Operator flagged rough finish and slight burring on edges. Recommend insert swap before next shift.
N0180,L-01,L,2026-03-27 00:00,electrical,PWF,high,"Breaker tripped once this shift, reset and monitoring. No repeat occurrence yet, logging for pattern tracking."
N0181,M-04,M,2026-07-22 13:00,safety,RNF,high,"Sudden stop, no sensor trend anomaly beforehand, ruled out TWF/HDF/PWF/OSF causes on inspection."
N0182,H-03,H,2026-06-22 04:00,software,,medium,"PLC logged a non-critical startup warning, no action required yet. No further action needed at this time."
N0183,H-01,H,2026-04-24 00:00,software,,low,"PLC logged a non-critical startup warning, no action required yet."
N0184,L-01,L,2026-01-17 11:00,mechanical,TWF,medium,"[afternoon shift, TF] Tool wear reading at 72% of rated life on the cutting edge. Operator flagged rough finish and slight burring on edges. Logged for tracking, still within tolerance for now."
N0185,L-03,L,2026-01-18 22:00,mechanical,OSF,high,Machine stalled briefly under combined high-torque/low-speed condition.
N0186,L-01,L,2026-05-09 19:00,mechanical,TWF,medium,"Tool wear reading at 70% of rated life on the tool tip. Holding production, replacing tool now."
N0187,L-01,L,2026-07-28 03:00,electrical,HDF,medium,Heat sink discoloration observed near control cabinet.
N0188,M-03,M,2026-07-24 18:00,mechanical,,low,"Unusual but faint clicking from gearbox, inspected, no fault found. Consistent with prior shift notes."
N0189,M-03,M,2026-02-12 19:00,electrical,HDF,medium,Heat sink discoloration observed near control cabinet. Will recheck next cycle before flagging further.
N0190,M-02,M,2026-03-05 14:00,safety,,low,"Guard interlock triggered unexpectedly, sensor alignment corrected. Consistent with prior shift notes."
N0191,M-02,M,2026-05-31 04:00,mechanical,OSF,high,"[afternoon shift, RK] Drive shaft strain noted at 66 Nm, above normal band."
N0192,M-02,M,2026-07-08 07:00,safety,,low,"[afternoon shift, HL] Operator reported faint odor near motor housing, paused for inspection, cleared."
N0193,M-02,M,2026-03-11 18:00,safety,RNF,high,"Unexplained fault, all readings nominal prior to stop, treating as stochastic occurrence."
N0194,L-01,L,2026-03-05 12:00,software,,low,"Firmware update applied during scheduled downtime, verifying stability. No further action needed at this time."
N0195,H-03,H,2026-02-28 06:00,safety,,medium,"Near-miss reported: loose panel cover, secured immediately, no injury. Flagging for supervisor awareness only."
N0196,L-02,L,2026-05-17 04:00,mechanical,,low,"Belt tension slightly loose, adjusted on the spot, no downtime. Flagging for supervisor awareness only."
N0197,M-01,M,2026-06-06 00:00,mechanical,OSF,high,Torque spiked to 69 Nm during load-bearing pass. No visible damage yet but monitoring closely.
N0198,M-03,M,2026-07-23 08:00,electrical,,medium,"[night shift, HL] Control panel indicator flickering intermittently, no fault code raised. No further action needed at this time."
N0199,M-04,M,2026-02-20 12:00,mechanical,OSF,high,Machine stalled briefly under combined high-torque/low-speed condition. Paused run to inspect spindle alignment.
N0200,L-02,L,2026-06-17 12:00,mechanical,TWF,medium,"Tool wear reading at 88% of rated life on the tool tip. Logged for tracking, still within tolerance for now."
N0201,L-02,L,2026-02-20 14:00,mechanical,OSF,high,Machine stalled briefly under combined high-torque/low-speed condition. Paused run to inspect spindle alignment.
N0202,L-03,L,2026-01-12 01:00,electrical,PWF,high,"[afternoon shift, NB] Voltage reading fluctuated near 244V during operation, outside normal band. Requesting electrical diagnostic before next shift."
N0203,M-02,M,2026-06-04 18:00,safety,,medium,"[morning shift, RK] Weekly E-stop test completed, button responded within spec. No further action needed at this time."
N0204,H-01,H,2026-02-17 14:00,mechanical,OSF,high,"Drive shaft strain noted at 68 Nm, above normal band. No visible damage yet but monitoring closely."
N0205,M-01,M,2026-02-14 07:00,mechanical,,low,"Minor vibration on bearing housing during startup, will monitor next cycle. Consistent with prior shift notes."
N0206,L-02,L,2026-06-14 02:00,safety,,low,"Guard interlock triggered unexpectedly, sensor alignment corrected. Consistent with prior shift notes."
N0207,H-01,H,2026-07-12 01:00,electrical,HDF,medium,"Cooling fan noticeably underperforming compared to baseline. Checked airflow path, minor dust buildup cleared."
N0208,L-03,L,2026-01-11 08:00,software,,low,"Calibration offset flagged as stale by control software, recalibration recommended. Will revisit during next scheduled PM."
N0209,H-03,H,2026-05-16 01:00,electrical,HDF,medium,"[afternoon shift, HL] Cooling fan noticeably underperforming compared to baseline."
N0210,M-01,M,2026-04-25 08:00,safety,,low,"Operator reported faint odor near motor housing, paused for inspection, cleared. No further action needed at this time."
N0211,M-01,M,2026-03-21 04:00,electrical,PWF,high,"Power draw dropped unexpectedly mid-cycle, motor controller flagged."
N0212,L-01,L,2026-04-07 13:00,software,,medium,"Firmware update applied during scheduled downtime, verifying stability. Will revisit during next scheduled PM."
N0213,L-01,L,2026-02-24 19:00,software,,low,"[night shift, MJ] Data logger missed a few readings due to network hiccup, backfilled from buffer."
N0214,L-02,L,2026-07-31 06:00,mechanical,,medium,"[night shift, MJ] Unusual but faint clicking from gearbox, inspected, no fault found. Flagging for supervisor awareness only."
N0215,H-03,H,2026-04-03 10:00,electrical,PWF,high,"Voltage reading fluctuated near 198V during operation, outside normal band."
N0216,M-02,M,2026-06-24 08:00,software,,low,"PLC logged a non-critical startup warning, no action required yet. Consistent with prior shift notes."
N0217,M-01,M,2026-04-06 16:00,mechanical,,medium,"[night shift, SP] Belt tension slightly loose, adjusted on the spot, no downtime. No further action needed at this time."
N0218,H-01,H,2026-03-28 22:00,safety,RNF,high,"Machine halted with no abnormal precursor across any monitored channel, logged as unclassified."
N0219,M-04,M,2026-05-16 00:00,safety,RNF,high,"Sudden stop, no sensor trend anomaly beforehand, ruled out TWF/HDF/PWF/OSF causes on inspection."
N0220,H-02,H,2026-01-31 09:00,safety,RNF,high,"[morning shift, AS] Machine halted with no abnormal precursor across any monitored channel, logged as unclassified."
N0221,M-02,M,2026-06-17 18:00,safety,RNF,high,"[afternoon shift, TF] Machine halted with no abnormal precursor across any monitored channel, logged as unclassified."
N0222,H-01,H,2026-07-07 05:00,safety,RNF,high,"Unexplained fault, all readings nominal prior to stop, treating as stochastic occurrence."
N0223,L-01,L,2026-03-04 07:00,electrical,PWF,high,"[afternoon shift, AS] Power draw dropped unexpectedly mid-cycle, motor controller flagged. No repeat occurrence yet, logging for pattern tracking."
N0224,L-03,L,2026-04-14 22:00,safety,,low,"Light curtain misaligned after cleaning crew, realigned and retested before restart. Will revisit during next scheduled PM."
N0225,M-04,M,2026-04-01 12:00,safety,RNF,high,"Sudden stop, no sensor trend anomaly beforehand, ruled out TWF/HDF/PWF/OSF causes on inspection."
N0226,M-01,M,2026-05-28 01:00,electrical,,low,"Ran diagnostic on drive controller as precaution, no anomalies found."
N0227,M-03,M,2026-06-23 20:00,safety,RNF,high,"Unexplained fault, all readings nominal prior to stop, treating as stochastic occurrence."
N0228,L-01,L,2026-01-10 07:00,electrical,PWF,high,"Voltage reading fluctuated near 231V during operation, outside normal band. Suspect loose connection near junction box."
N0229,L-03,L,2026-06-27 19:00,software,,medium,"[morning shift, RK] Calibration offset flagged as stale by control software, recalibration recommended."
N0230,M-02,M,2026-01-15 09:00,safety,RNF,high,"[night shift, AS] Unexplained fault, all readings nominal prior to stop, treating as stochastic occurrence."
N0231,L-02,L,2026-01-26 14:00,electrical,HDF,medium,"Process/air temperature delta measured at only 3.5C, below expected dissipation range. Checked airflow path, minor dust buildup cleared."
N0232,H-03,H,2026-03-16 07:00,safety,RNF,high,"[afternoon shift, MJ] Sudden stop, no sensor trend anomaly beforehand, ruled out TWF/HDF/PWF/OSF causes on inspection."
N0233,L-02,L,2026-02-25 17:00,safety,,low,"Light curtain misaligned after cleaning crew, realigned and retested before restart."
N0234,M-03,M,2026-03-31 07:00,software,,medium,"Firmware update applied during scheduled downtime, verifying stability. Consistent with prior shift notes."
N0235,M-01,M,2026-03-29 15:00,safety,,low,"[morning shift, SP] Near-miss reported: loose panel cover, secured immediately, no injury. Consistent with prior shift notes."
N0236,M-02,M,2026-01-20 16:00,electrical,PWF,high,"[night shift, AS] Voltage reading fluctuated near 216V during operation, outside normal band. Suspect loose connection near junction box."
N0237,M-04,M,2026-02-09 21:00,software,,low,"[afternoon shift, MJ] PLC logged a non-critical startup warning, no action required yet."
N0238,M-01,M,2026-05-06 08:00,safety,,medium,"Near-miss reported: loose panel cover, secured immediately, no injury. No further action needed at this time."
N0239,L-03,L,2026-04-16 18:00,software,,high,"PLC logged a non-critical startup warning, no action required yet. Consistent with prior shift notes."
N0240,L-03,L,2026-04-05 09:00,software,,low,"[night shift, HL] Firmware update applied during scheduled downtime, verifying stability."
N0241,M-03,M,2026-03-22 05:00,software,,low,"Data logger missed a few readings due to network hiccup, backfilled from buffer. No further action needed at this time."
N0242,H-02,H,2026-03-30 10:00,electrical,PWF,high,"Breaker tripped once this shift, reset and monitoring."
N0243,H-03,H,2026-05-22 09:00,electrical,HDF,medium,"[night shift, NB] Cooling fan noticeably underperforming compared to baseline. Checked airflow path, minor dust buildup cleared."
N0244,H-02,H,2026-04-06 01:00,safety,,low,"Near-miss reported: loose panel cover, secured immediately, no injury."
N0245,H-03,H,2026-05-13 12:00,electrical,HDF,medium,"Heat sink discoloration observed near control cabinet. Checked airflow path, minor dust buildup cleared."
N0246,H-02,H,2026-07-20 19:00,safety,RNF,high,"Machine halted with no abnormal precursor across any monitored channel, logged as unclassified."
N0247,H-03,H,2026-03-25 16:00,electrical,,low,"Control panel indicator flickering intermittently, no fault code raised. Will revisit during next scheduled PM."
N0248,L-03,L,2026-04-22 20:00,mechanical,,medium,"Belt tension slightly loose, adjusted on the spot, no downtime."
N0249,L-03,L,2026-01-20 20:00,safety,,low,"Near-miss reported: loose panel cover, secured immediately, no injury. Will revisit during next scheduled PM."
N0250,H-03,H,2026-01-15 22:00,safety,RNF,high,"Sudden stop, no sensor trend anomaly beforehand, ruled out TWF/HDF/PWF/OSF causes on inspection."
N0251,M-04,M,2026-01-12 06:00,mechanical,TWF,high,"Tool wear reading at 65% of rated life on the insert. Chipping visible on insert under inspection light. Logged for tracking, still within tolerance for now."
N0252,L-03,L,2026-06-08 03:00,software,,medium,"Firmware update applied during scheduled downtime, verifying stability."
N0253,L-03,L,2026-05-04 19:00,mechanical,,medium,"[morning shift, AS] Routine lubrication performed ahead of schedule, no issues noted. No further action needed at this time."
N0254,M-04,M,2026-03-06 11:00,mechanical,,low,"Minor vibration on bearing housing during startup, will monitor next cycle."
N0255,M-02,M,2026-04-16 18:00,mechanical,TWF,medium,"[morning shift, OY] Tool wear reading at 71% of rated life on the insert. Surface finish degrading, visible chatter marks on last batch. Holding production, replacing tool now."
N0256,L-01,L,2026-03-26 00:00,software,,medium,"[morning shift, RK] Firmware update applied during scheduled downtime, verifying stability. Will revisit during next scheduled PM."
N0257,H-01,H,2026-04-20 09:00,electrical,HDF,medium,"[night shift, OY] Cooling fan noticeably underperforming compared to baseline. Checked airflow path, minor dust buildup cleared."
N0258,M-04,M,2026-03-20 12:00,software,,medium,"[afternoon shift, SP] HMI froze briefly during shift changeover, restarted normally. No further action needed at this time."
N0259,H-02,H,2026-02-05 13:00,electrical,PWF,high,"Breaker tripped once this shift, reset and monitoring."
N0260,M-03,M,2026-03-17 21:00,safety,RNF,high,"[afternoon shift, NB] Sudden stop, no sensor trend anomaly beforehand, ruled out TWF/HDF/PWF/OSF causes on inspection."
N0261,L-01,L,2026-05-04 07:00,electrical,PWF,high,"[night shift, NB] Breaker tripped once this shift, reset and monitoring. Requesting electrical diagnostic before next shift."
N0262,L-03,L,2026-05-06 16:00,electrical,HDF,medium,Cooling fan noticeably underperforming compared to baseline.
N0263,M-01,M,2026-04-09 17:00,electrical,HDF,medium,Heat sink discoloration observed near control cabinet. Will recheck next cycle before flagging further.
N0264,M-01,M,2026-03-15 23:00,software,,low,"HMI froze briefly during shift changeover, restarted normally. No further action needed at this time."
N0265,M-04,M,2026-07-01 05:00,mechanical,,low,"Routine lubrication performed ahead of schedule, no issues noted. Will revisit during next scheduled PM."
N0266,M-01,M,2026-07-18 09:00,electrical,PWF,high,"Voltage reading fluctuated near 240V during operation, outside normal band. Suspect loose connection near junction box."
N0267,M-01,M,2026-04-18 14:00,mechanical,,low,"[night shift, MJ] Belt tension slightly loose, adjusted on the spot, no downtime. No further action needed at this time."
N0268,L-03,L,2026-07-03 14:00,electrical,PWF,high,"Power draw dropped unexpectedly mid-cycle, motor controller flagged. No repeat occurrence yet, logging for pattern tracking."
N0269,M-01,M,2026-07-11 07:00,software,,low,"PLC logged a non-critical startup warning, no action required yet. Will revisit during next scheduled PM."
N0270,L-01,L,2026-07-13 01:00,software,,low,"Firmware update applied during scheduled downtime, verifying stability. Will revisit during next scheduled PM."
N0271,H-02,H,2026-05-18 08:00,electrical,,medium,Re-terminated a loose sensor wire found during PM check.
N0272,M-04,M,2026-01-15 18:00,safety,,medium,"Weekly E-stop test completed, button responded within spec. No further action needed at this time."
N0273,H-03,H,2026-01-27 13:00,mechanical,TWF,medium,Tool wear reading at 67% of rated life on the tool tip. Chipping visible on insert under inspection light. Scheduled tool change during next planned stop.
N0274,M-04,M,2026-04-23 14:00,safety,RNF,high,"Sudden stop, no sensor trend anomaly beforehand, ruled out TWF/HDF/PWF/OSF causes on inspection."
N0275,M-03,M,2026-05-16 04:00,safety,,low,"Near-miss reported: loose panel cover, secured immediately, no injury. No further action needed at this time."
N0276,H-01,H,2026-03-09 01:00,electrical,PWF,high,"[night shift, MJ] Breaker tripped once this shift, reset and monitoring. No repeat occurrence yet, logging for pattern tracking."
N0277,L-03,L,2026-03-07 00:00,electrical,HDF,medium,"[night shift, HL] Process/air temperature delta measured at only 2.6C, below expected dissipation range. Will recheck next cycle before flagging further."
N0278,H-02,H,2026-05-29 07:00,software,,medium,"Data logger missed a few readings due to network hiccup, backfilled from buffer."
N0279,M-03,M,2026-05-03 12:00,mechanical,,low,"Unusual but faint clicking from gearbox, inspected, no fault found. Will revisit during next scheduled PM."
N0280,M-01,M,2026-03-17 09:00,mechanical,,medium,"Belt tension slightly loose, adjusted on the spot, no downtime. No further action needed at this time."
N0281,M-01,M,2026-05-04 18:00,mechanical,,low,"Belt tension slightly loose, adjusted on the spot, no downtime. Consistent with prior shift notes."
N0282,M-03,M,2026-07-13 18:00,electrical,PWF,high,"[morning shift, HL] Voltage reading fluctuated near 233V during operation, outside normal band. Suspect loose connection near junction box."
N0283,M-02,M,2026-04-06 02:00,mechanical,,medium,"Unusual but faint clicking from gearbox, inspected, no fault found. Consistent with prior shift notes."
N0284,M-02,M,2026-03-21 11:00,safety,,low,"[morning shift, RK] Guard interlock triggered unexpectedly, sensor alignment corrected. No further action needed at this time."
N0285,L-03,L,2026-03-29 12:00,safety,RNF,high,"Machine halted with no abnormal precursor across any monitored channel, logged as unclassified."
N0286,L-03,L,2026-01-15 03:00,electrical,HDF,medium,"Process/air temperature delta measured at only 2.0C, below expected dissipation range. Will recheck next cycle before flagging further."
N0287,H-03,H,2026-03-22 19:00,software,,medium,"HMI froze briefly during shift changeover, restarted normally. Consistent with prior shift notes."
N0288,H-03,H,2026-01-15 14:00,mechanical,TWF,high,"Tool wear reading at 75% of rated life on the cutting edge. Operator flagged rough finish and slight burring on edges. Logged for tracking, still within tolerance for now."
N0289,H-01,H,2026-01-19 16:00,electrical,PWF,high,"[morning shift, OY] Power draw dropped unexpectedly mid-cycle, motor controller flagged. Suspect loose connection near junction box."
N0290,M-04,M,2026-01-06 14:00,electrical,PWF,high,"Voltage reading fluctuated near 226V during operation, outside normal band. Requesting electrical diagnostic before next shift."
N0291,H-03,H,2026-05-21 20:00,electrical,,low,"[night shift, SP] Re-terminated a loose sensor wire found during PM check. Consistent with prior shift notes."
N0292,L-03,L,2026-05-29 18:00,software,,medium,"PLC logged a non-critical startup warning, no action required yet."
N0293,M-04,M,2026-01-12 06:00,electrical,HDF,medium,"Process/air temperature delta measured at only 3.5C, below expected dissipation range. Will recheck next cycle before flagging further."
N0294,M-01,M,2026-04-21 11:00,software,,medium,"HMI froze briefly during shift changeover, restarted normally."
N0295,H-02,H,2026-02-25 17:00,electrical,,low,"Ran diagnostic on drive controller as precaution, no anomalies found. Consistent with prior shift notes."
N0296,L-02,L,2026-03-03 17:00,electrical,HDF,medium,"Process/air temperature delta measured at only 3.5C, below expected dissipation range. Will recheck next cycle before flagging further."
N0297,H-03,H,2026-07-28 14:00,mechanical,,low,"Routine lubrication performed ahead of schedule, no issues noted."
N0298,L-03,L,2026-05-02 21:00,safety,RNF,high,"Unexplained fault, all readings nominal prior to stop, treating as stochastic occurrence."
N0299,M-04,M,2026-07-22 19:00,safety,RNF,high,"Machine halted with no abnormal precursor across any monitored channel, logged as unclassified."
N0300,L-01,L,2026-02-08 13:00,software,,low,"[afternoon shift, TF] PLC logged a non-critical startup warning, no action required yet. Flagging for supervisor awareness only."
N0301,L-02,L,2026-04-02 23:00,safety,RNF,high,"[morning shift, SP] Unexplained fault, all readings nominal prior to stop, treating as stochastic occurrence."
N0302,L-01,L,2026-04-05 03:00,electrical,PWF,high,"Power draw dropped unexpectedly mid-cycle, motor controller flagged. No repeat occurrence yet, logging for pattern tracking."
N0303,M-03,M,2026-04-29 00:00,safety,,low,"[afternoon shift, TF] Near-miss reported: loose panel cover, secured immediately, no injury. No further action needed at this time."
N0304,H-03,H,2026-03-20 21:00,software,,low,"[morning shift, NB] PLC logged a non-critical startup warning, no action required yet. Consistent with prior shift notes."
N0305,M-04,M,2026-01-08 00:00,mechanical,,low,"Belt tension slightly loose, adjusted on the spot, no downtime."
N0306,M-03,M,2026-06-12 20:00,mechanical,OSF,high,"Drive shaft strain noted at 74 Nm, above normal band. Reduced feed rate as precaution per SOP section 5."
N0307,H-03,H,2026-06-10 16:00,software,,low,"HMI froze briefly during shift changeover, restarted normally."
N0308,L-02,L,2026-08-02 11:00,electrical,HDF,medium,"Cooling fan noticeably underperforming compared to baseline. Coolant flow rate looks nominal, escalating to electrical team."
N0309,H-01,H,2026-06-02 15:00,electrical,,medium,"Ran diagnostic on drive controller as precaution, no anomalies found. Consistent with prior shift notes."
N0310,M-03,M,2026-03-15 12:00,electrical,PWF,high,"Power draw dropped unexpectedly mid-cycle, motor controller flagged. Suspect loose connection near junction box."
N0311,M-02,M,2026-02-09 22:00,mechanical,,medium,"Belt tension slightly loose, adjusted on the spot, no downtime. Flagging for supervisor awareness only."
N0312,L-01,L,2026-01-30 11:00,safety,RNF,high,"Machine halted with no abnormal precursor across any monitored channel, logged as unclassified."
N0313,M-02,M,2026-05-15 20:00,electrical,PWF,high,"Voltage reading fluctuated near 241V during operation, outside normal band. No repeat occurrence yet, logging for pattern tracking."
N0314,M-01,M,2026-07-24 15:00,electrical,,low,"[night shift, SP] Ran diagnostic on drive controller as precaution, no anomalies found. Flagging for supervisor awareness only."
N0315,H-02,H,2026-04-16 18:00,electrical,PWF,high,"[night shift, RK] Power draw dropped unexpectedly mid-cycle, motor controller flagged. Requesting electrical diagnostic before next shift."
N0316,M-02,M,2026-05-31 17:00,mechanical,,low,"Minor vibration on bearing housing during startup, will monitor next cycle. Will revisit during next scheduled PM."
N0317,M-03,M,2026-06-30 13:00,mechanical,TWF,medium,"Tool wear reading at 76% of rated life on the tool tip. Chipping visible on insert under inspection light. Holding production, replacing tool now."
N0318,L-02,L,2026-02-16 20:00,software,,high,"HMI froze briefly during shift changeover, restarted normally. Flagging for supervisor awareness only."
N0319,M-02,M,2026-05-13 20:00,electrical,,medium,"[morning shift, HL] Control panel indicator flickering intermittently, no fault code raised. Will revisit during next scheduled PM."
N0320,L-02,L,2026-08-01 18:00,electrical,PWF,high,"Voltage reading fluctuated near 244V during operation, outside normal band. Requesting electrical diagnostic before next shift."
N0321,M-03,M,2026-07-15 00:00,mechanical,TWF,medium,"Tool wear reading at 82% of rated life on the cutting edge. Surface finish degrading, visible chatter marks on last batch. Holding production, replacing tool now."
N0322,H-01,H,2026-06-10 10:00,software,,medium,"HMI froze briefly during shift changeover, restarted normally. No further action needed at this time."
N0323,H-01,H,2026-05-29 20:00,safety,,low,"Operator reported faint odor near motor housing, paused for inspection, cleared. Consistent with prior shift notes."
N0324,M-03,M,2026-01-28 11:00,mechanical,OSF,high,"[morning shift, TF] Torque spiked to 68 Nm during load-bearing pass. Reduced feed rate as precaution per SOP section 5."
N0325,M-03,M,2026-06-08 18:00,software,,medium,"Firmware update applied during scheduled downtime, verifying stability."
N0326,M-03,M,2026-03-25 20:00,electrical,,low,"Replaced a blown control-panel fuse, machine back online same shift."
N0327,H-02,H,2026-01-07 17:00,software,,low,"Data logger missed a few readings due to network hiccup, backfilled from buffer."
N0328,H-01,H,2026-01-28 00:00,mechanical,,low,"Belt tension slightly loose, adjusted on the spot, no downtime. Will revisit during next scheduled PM."
N0329,H-03,H,2026-02-12 05:00,mechanical,TWF,medium,Tool wear reading at 97% of rated life on the tool tip. Operator flagged rough finish and slight burring on edges. Scheduled tool change during next planned stop.
N0330,L-03,L,2026-05-12 06:00,safety,RNF,high,"Sudden stop, no sensor trend anomaly beforehand, ruled out TWF/HDF/PWF/OSF causes on inspection."
N0331,M-03,M,2026-07-11 00:00,software,,medium,"HMI froze briefly during shift changeover, restarted normally. Flagging for supervisor awareness only."
N0332,L-02,L,2026-04-11 21:00,software,,low,"PLC logged a non-critical startup warning, no action required yet. Will revisit during next scheduled PM."
N0333,M-01,M,2026-06-18 08:00,mechanical,OSF,high,"[morning shift, SP] Drive shaft strain noted at 58 Nm, above normal band."
N0334,M-02,M,2026-02-08 09:00,software,,low,"Firmware update applied during scheduled downtime, verifying stability. Will revisit during next scheduled PM."
N0335,M-02,M,2026-07-24 06:00,mechanical,OSF,high,"[morning shift, HL] Drive shaft strain noted at 58 Nm, above normal band. Paused run to inspect spindle alignment."
N0336,M-03,M,2026-07-30 03:00,mechanical,OSF,high,"Drive shaft strain noted at 63 Nm, above normal band. Paused run to inspect spindle alignment."
N0337,L-03,L,2026-01-28 13:00,mechanical,TWF,medium,Tool wear reading at 74% of rated life on the insert. Chipping visible on insert under inspection light. Recommend insert swap before next shift.
N0338,M-03,M,2026-03-05 18:00,software,,low,"[morning shift, RK] PLC logged a non-critical startup warning, no action required yet."
N0339,M-04,M,2026-02-02 03:00,mechanical,,medium,"Minor vibration on bearing housing during startup, will monitor next cycle. No further action needed at this time."
N0340,H-01,H,2026-02-02 16:00,mechanical,,medium,"[night shift, MJ] Unusual but faint clicking from gearbox, inspected, no fault found. No further action needed at this time."
N0341,M-03,M,2026-03-15 22:00,software,,low,"Data logger missed a few readings due to network hiccup, backfilled from buffer. Will revisit during next scheduled PM."
N0342,L-03,L,2026-03-14 00:00,mechanical,OSF,high,"[afternoon shift, RK] Torque spiked to 66 Nm during load-bearing pass. Reduced feed rate as precaution per SOP section 5."
N0343,M-03,M,2026-07-14 22:00,mechanical,,low,"Unusual but faint clicking from gearbox, inspected, no fault found."
N0344,M-02,M,2026-04-13 13:00,software,,low,"Data logger missed a few readings due to network hiccup, backfilled from buffer."
N0345,L-03,L,2026-07-24 01:00,mechanical,TWF,medium,Tool wear reading at 89% of rated life on the insert. Operator flagged rough finish and slight burring on edges. Scheduled tool change during next planned stop.
N0346,L-01,L,2026-01-05 15:00,software,,low,"Calibration offset flagged as stale by control software, recalibration recommended."
N0347,H-01,H,2026-07-26 23:00,safety,,low,"Near-miss reported: loose panel cover, secured immediately, no injury."
N0348,M-04,M,2026-06-27 10:00,electrical,,low,"Control panel indicator flickering intermittently, no fault code raised. Consistent with prior shift notes."
N0349,L-02,L,2026-05-06 23:00,safety,RNF,high,"Unexplained fault, all readings nominal prior to stop, treating as stochastic occurrence."
N0350,M-03,M,2026-05-20 11:00,safety,,low,"Near-miss reported: loose panel cover, secured immediately, no injury. Will revisit during next scheduled PM."
N0351,H-02,H,2026-06-17 20:00,electrical,,medium,"[morning shift, MJ] Re-terminated a loose sensor wire found during PM check. Flagging for supervisor awareness only."
N0352,L-01,L,2026-01-31 11:00,electrical,HDF,medium,"Cooling fan noticeably underperforming compared to baseline. Checked airflow path, minor dust buildup cleared."
N0353,M-03,M,2026-04-30 20:00,safety,,low,"[afternoon shift, OY] Light curtain misaligned after cleaning crew, realigned and retested before restart."
N0354,H-01,H,2026-06-23 07:00,mechanical,,low,"Small coolant weep near spindle seal, scheduled for replacement, not urgent. No further action needed at this time."
N0355,H-03,H,2026-05-31 08:00,electrical,,medium,"Replaced a blown control-panel fuse, machine back online same shift. Consistent with prior shift notes."
N0356,L-01,L,2026-03-11 07:00,safety,RNF,high,"Sudden stop, no sensor trend anomaly beforehand, ruled out TWF/HDF/PWF/OSF causes on inspection."
N0357,M-02,M,2026-04-23 09:00,software,,low,"Firmware update applied during scheduled downtime, verifying stability."
N0358,H-03,H,2026-04-19 13:00,electrical,PWF,high,"Power draw dropped unexpectedly mid-cycle, motor controller flagged."
N0359,H-03,H,2026-07-06 18:00,electrical,HDF,medium,"Heat sink discoloration observed near control cabinet. Coolant flow rate looks nominal, escalating to electrical team."
N0360,M-03,M,2026-04-12 12:00,mechanical,,low,"Small coolant weep near spindle seal, scheduled for replacement, not urgent. Flagging for supervisor awareness only."
N0361,H-02,H,2026-07-03 13:00,software,,low,"PLC logged a non-critical startup warning, no action required yet. No further action needed at this time."
N0362,M-04,M,2026-01-07 21:00,software,,low,"PLC logged a non-critical startup warning, no action required yet. Consistent with prior shift notes."
N0363,M-01,M,2026-02-04 02:00,electrical,HDF,medium,Heat sink discoloration observed near control cabinet. Will recheck next cycle before flagging further.
N0364,M-01,M,2026-01-19 21:00,mechanical,,low,"Minor vibration on bearing housing during startup, will monitor next cycle. No further action needed at this time."
N0365,M-01,M,2026-08-02 01:00,electrical,HDF,medium,Heat sink discoloration observed near control cabinet.
N0366,L-03,L,2026-01-27 10:00,electrical,HDF,medium,"Process/air temperature delta measured at only 1.8C, below expected dissipation range. Coolant flow rate looks nominal, escalating to electrical team."
N0367,M-04,M,2026-03-24 09:00,electrical,,low,"Replaced a blown control-panel fuse, machine back online same shift."
N0368,M-01,M,2026-05-22 20:00,software,,medium,"Firmware update applied during scheduled downtime, verifying stability. Flagging for supervisor awareness only."
N0369,M-03,M,2026-07-04 17:00,software,,low,"Firmware update applied during scheduled downtime, verifying stability. Will revisit during next scheduled PM."
N0370,L-01,L,2026-03-02 14:00,electrical,PWF,high,"Voltage reading fluctuated near 232V during operation, outside normal band."
N0371,M-02,M,2026-04-28 06:00,electrical,,low,Re-terminated a loose sensor wire found during PM check.
N0372,M-01,M,2026-05-12 05:00,mechanical,TWF,medium,"Tool wear reading at 72% of rated life on the tool holder. Surface finish degrading, visible chatter marks on last batch. Scheduled tool change during next planned stop."
N0373,L-01,L,2026-02-11 22:00,safety,RNF,high,"[morning shift, NB] Sudden stop, no sensor trend anomaly beforehand, ruled out TWF/HDF/PWF/OSF causes on inspection."
N0374,M-01,M,2026-03-11 22:00,safety,RNF,high,"[morning shift, AS] Sudden stop, no sensor trend anomaly beforehand, ruled out TWF/HDF/PWF/OSF causes on inspection."
N0375,H-01,H,2026-06-03 10:00,software,,low,"[afternoon shift, MJ] PLC logged a non-critical startup warning, no action required yet."
N0376,H-02,H,2026-02-13 20:00,mechanical,OSF,high,"[afternoon shift, TF] Drive shaft strain noted at 66 Nm, above normal band. Paused run to inspect spindle alignment."
N0377,M-02,M,2026-03-31 21:00,electrical,,medium,"Control panel indicator flickering intermittently, no fault code raised. Will revisit during next scheduled PM."
N0378,M-04,M,2026-07-24 15:00,mechanical,TWF,high,Tool wear reading at 72% of rated life on the insert. Operator flagged rough finish and slight burring on edges. Recommend insert swap before next shift.
N0379,L-02,L,2026-03-22 01:00,electrical,HDF,medium,"[afternoon shift, HL] Cooling fan noticeably underperforming compared to baseline. Checked airflow path, minor dust buildup cleared."
N0380,H-03,H,2026-01-17 05:00,safety,RNF,high,"Machine halted with no abnormal precursor across any monitored channel, logged as unclassified."
N0381,M-03,M,2026-01-29 23:00,electrical,HDF,medium,"[morning shift, NB] Cooling fan noticeably underperforming compared to baseline. Will recheck next cycle before flagging further."
N0382,H-02,H,2026-04-21 18:00,mechanical,TWF,medium,"[afternoon shift, AS] Tool wear reading at 94% of rated life on the tool holder. Surface finish degrading, visible chatter marks on last batch. Recommend insert swap before next shift."
N0383,M-03,M,2026-06-19 15:00,mechanical,OSF,high,"Drive shaft strain noted at 63 Nm, above normal band. Paused run to inspect spindle alignment."
N0384,M-02,M,2026-03-29 14:00,mechanical,OSF,high,"[afternoon shift, HL] Torque spiked to 61 Nm during load-bearing pass. Paused run to inspect spindle alignment."
N0385,M-01,M,2026-03-18 12:00,mechanical,,low,"Routine lubrication performed ahead of schedule, no issues noted. No further action needed at this time."
N0386,H-02,H,2026-01-18 15:00,electrical,PWF,high,"Breaker tripped once this shift, reset and monitoring. Requesting electrical diagnostic before next shift."
N0387,H-03,H,2026-01-12 13:00,electrical,,low,Re-terminated a loose sensor wire found during PM check. No further action needed at this time.
N0388,M-04,M,2026-06-02 06:00,safety,RNF,high,"Sudden stop, no sensor trend anomaly beforehand, ruled out TWF/HDF/PWF/OSF causes on inspection."
N0389,M-01,M,2026-07-21 22:00,electrical,,low,"[morning shift, SP] Control panel indicator flickering intermittently, no fault code raised. Will revisit during next scheduled PM."
N0390,L-03,L,2026-03-08 04:00,electrical,HDF,high,"[afternoon shift, OY] Cooling fan noticeably underperforming compared to baseline. Coolant flow rate looks nominal, escalating to electrical team."
N0391,H-02,H,2026-01-22 00:00,mechanical,TWF,medium,Tool wear reading at 73% of rated life on the insert. Operator flagged rough finish and slight burring on edges. Scheduled tool change during next planned stop.
N0392,H-01,H,2026-06-14 01:00,mechanical,OSF,high,"Drive shaft strain noted at 74 Nm, above normal band. Reduced feed rate as precaution per SOP section 5."
N0393,M-03,M,2026-03-12 22:00,software,,medium,"[night shift, HL] Data logger missed a few readings due to network hiccup, backfilled from buffer."
N0394,M-02,M,2026-06-17 16:00,mechanical,,low,"Unusual but faint clicking from gearbox, inspected, no fault found."
N0395,M-02,M,2026-03-05 07:00,safety,RNF,high,"Machine halted with no abnormal precursor across any monitored channel, logged as unclassified."
N0396,M-01,M,2026-06-29 22:00,safety,,medium,"Near-miss reported: loose panel cover, secured immediately, no injury. Will revisit during next scheduled PM."
N0397,L-01,L,2026-06-26 10:00,software,,low,"Data logger missed a few readings due to network hiccup, backfilled from buffer. Consistent with prior shift notes."
N0398,H-03,H,2026-07-31 15:00,software,,low,"PLC logged a non-critical startup warning, no action required yet. Flagging for supervisor awareness only."
N0399,M-04,M,2026-04-15 14:00,software,,medium,"Calibration offset flagged as stale by control software, recalibration recommended. Will revisit during next scheduled PM."
N0400,H-03,H,2026-03-07 03:00,mechanical,OSF,high,"[afternoon shift, HL] Torque spiked to 68 Nm during load-bearing pass. No visible damage yet but monitoring closely."
N0401,M-01,M,2026-03-03 11:00,mechanical,OSF,high,"Drive shaft strain noted at 63 Nm, above normal band. No visible damage yet but monitoring closely."
N0402,H-03,H,2026-06-09 06:00,software,,medium,"Calibration offset flagged as stale by control software, recalibration recommended. Flagging for supervisor awareness only."
N0403,L-03,L,2026-03-10 23:00,software,,medium,"[afternoon shift, TF] PLC logged a non-critical startup warning, no action required yet. Will revisit during next scheduled PM."
N0404,M-03,M,2026-01-24 16:00,mechanical,,low,"Routine lubrication performed ahead of schedule, no issues noted."
N0405,H-03,H,2026-04-11 16:00,electrical,HDF,medium,Cooling fan noticeably underperforming compared to baseline. Will recheck next cycle before flagging further.
N0406,L-01,L,2026-06-28 03:00,software,,low,"Data logger missed a few readings due to network hiccup, backfilled from buffer."
N0407,H-02,H,2026-05-02 01:00,software,,medium,"Data logger missed a few readings due to network hiccup, backfilled from buffer."
N0408,M-03,M,2026-06-18 08:00,software,,low,"[afternoon shift, RK] PLC logged a non-critical startup warning, no action required yet. Flagging for supervisor awareness only."
N0409,M-01,M,2026-07-30 21:00,electrical,,low,"Control panel indicator flickering intermittently, no fault code raised. Consistent with prior shift notes."
N0410,M-04,M,2026-02-09 06:00,software,,medium,"[morning shift, HL] Data logger missed a few readings due to network hiccup, backfilled from buffer. Flagging for supervisor awareness only."
N0411,H-02,H,2026-04-13 11:00,mechanical,TWF,medium,"Tool wear reading at 98% of rated life on the insert. Operator flagged rough finish and slight burring on edges. Holding production, replacing tool now."
N0412,L-03,L,2026-06-28 08:00,electrical,HDF,medium,"Cooling fan noticeably underperforming compared to baseline. Coolant flow rate looks nominal, escalating to electrical team."
N0413,M-03,M,2026-06-13 14:00,software,,low,"Calibration offset flagged as stale by control software, recalibration recommended. Consistent with prior shift notes."
N0414,H-02,H,2026-04-20 02:00,software,,medium,"[night shift, HL] Data logger missed a few readings due to network hiccup, backfilled from buffer. No further action needed at this time."
N0415,M-02,M,2026-04-30 00:00,software,,medium,"Calibration offset flagged as stale by control software, recalibration recommended."
N0416,L-01,L,2026-01-22 17:00,safety,,low,"Operator reported faint odor near motor housing, paused for inspection, cleared."
N0417,L-02,L,2026-02-04 12:00,safety,,medium,"[night shift, MJ] Weekly E-stop test completed, button responded within spec. Flagging for supervisor awareness only."
N0418,M-04,M,2026-05-21 23:00,electrical,HDF,medium,Cooling fan noticeably underperforming compared to baseline. Will recheck next cycle before flagging further.
N0419,H-02,H,2026-01-22 16:00,software,,low,"HMI froze briefly during shift changeover, restarted normally. Will revisit during next scheduled PM."
N0420,L-01,L,2026-03-16 21:00,safety,RNF,high,"Unexplained fault, all readings nominal prior to stop, treating as stochastic occurrence."
N0421,L-03,L,2026-06-20 12:00,mechanical,TWF,medium,"Tool wear reading at 97% of rated life on the cutting edge. Surface finish degrading, visible chatter marks on last batch. Holding production, replacing tool now."
N0422,M-02,M,2026-06-08 19:00,mechanical,,high,"Unusual but faint clicking from gearbox, inspected, no fault found."
N0423,H-02,H,2026-07-29 02:00,electrical,,low,Re-terminated a loose sensor wire found during PM check. Will revisit during next scheduled PM.
N0424,M-03,M,2026-07-19 04:00,mechanical,,low,"[morning shift, SP] Routine lubrication performed ahead of schedule, no issues noted. No further action needed at this time."
N0425,H-01,H,2026-01-15 17:00,electrical,,medium,"Control panel indicator flickering intermittently, no fault code raised. Consistent with prior shift notes."
N0426,H-01,H,2026-03-01 17:00,mechanical,OSF,high,"Drive shaft strain noted at 65 Nm, above normal band. No visible damage yet but monitoring closely."
N0427,M-01,M,2026-03-14 13:00,electrical,,low,"Control panel indicator flickering intermittently, no fault code raised. Will revisit during next scheduled PM."
N0428,M-03,M,2026-06-04 13:00,mechanical,,low,"[afternoon shift, AS] Belt tension slightly loose, adjusted on the spot, no downtime."
N0429,M-01,M,2026-06-28 22:00,mechanical,OSF,high,"[night shift, HL] Drive shaft strain noted at 75 Nm, above normal band. No visible damage yet but monitoring closely."
N0430,H-03,H,2026-01-24 23:00,software,,low,"[morning shift, OY] Data logger missed a few readings due to network hiccup, backfilled from buffer."
N0431,H-02,H,2026-07-03 09:00,mechanical,OSF,high,Machine stalled briefly under combined high-torque/low-speed condition. Paused run to inspect spindle alignment.
N0432,L-01,L,2026-06-18 23:00,safety,RNF,high,"Machine halted with no abnormal precursor across any monitored channel, logged as unclassified."
N0433,H-02,H,2026-07-13 05:00,electrical,,medium,"[afternoon shift, SP] Replaced a blown control-panel fuse, machine back online same shift."
N0434,M-03,M,2026-05-05 15:00,software,,low,"Calibration offset flagged as stale by control software, recalibration recommended. No further action needed at this time."
N0435,L-02,L,2026-02-27 11:00,electrical,HDF,medium,"Process/air temperature delta measured at only 2.9C, below expected dissipation range. Checked airflow path, minor dust buildup cleared."
N0436,M-02,M,2026-02-28 23:00,mechanical,TWF,high,"[morning shift, OY] Tool wear reading at 98% of rated life on the insert. Logged for tracking, still within tolerance for now."
N0437,H-03,H,2026-01-16 06:00,safety,,low,"Weekly E-stop test completed, button responded within spec. No further action needed at this time."
N0438,H-03,H,2026-05-09 20:00,safety,RNF,high,"Sudden stop, no sensor trend anomaly beforehand, ruled out TWF/HDF/PWF/OSF causes on inspection."
N0439,M-01,M,2026-06-03 20:00,mechanical,TWF,medium,"[morning shift, MJ] Tool wear reading at 87% of rated life on the cutting edge. Recommend insert swap before next shift."
N0440,H-01,H,2026-05-05 19:00,mechanical,,medium,"[night shift, TF] Minor vibration on bearing housing during startup, will monitor next cycle. Consistent with prior shift notes."
N0441,L-03,L,2026-05-29 23:00,mechanical,OSF,high,Torque spiked to 70 Nm during load-bearing pass. Paused run to inspect spindle alignment.
N0442,M-01,M,2026-03-02 21:00,mechanical,TWF,medium,"Tool wear reading at 77% of rated life on the tool tip. Surface finish degrading, visible chatter marks on last batch. Recommend insert swap before next shift."
N0443,L-01,L,2026-07-05 03:00,safety,,low,"[afternoon shift, RK] Operator reported faint odor near motor housing, paused for inspection, cleared. No further action needed at this time."
N0444,L-03,L,2026-04-12 00:00,mechanical,,low,"Small coolant weep near spindle seal, scheduled for replacement, not urgent."
N0445,L-02,L,2026-07-28 17:00,mechanical,,medium,"Minor vibration on bearing housing during startup, will monitor next cycle."
N0446,L-02,L,2026-05-28 23:00,mechanical,,low,"Routine lubrication performed ahead of schedule, no issues noted."
N0447,M-01,M,2026-01-27 17:00,mechanical,TWF,medium,"Tool wear reading at 78% of rated life on the tool holder. Surface finish degrading, visible chatter marks on last batch. Scheduled tool change during next planned stop."
N0448,H-02,H,2026-03-16 09:00,electrical,,medium,"Control panel indicator flickering intermittently, no fault code raised. No further action needed at this time."
N0449,M-02,M,2026-01-16 03:00,electrical,PWF,high,"Breaker tripped once this shift, reset and monitoring. No repeat occurrence yet, logging for pattern tracking."
N0450,H-03,H,2026-02-27 23:00,electrical,,medium,"Ran diagnostic on drive controller as precaution, no anomalies found. Consistent with prior shift notes."
